Book Name,Page No,Image URL,Status Code
"Baa, Baa, Black Sheep (Bb)",1,https://augie-read.s3.eu-west-2.amazonaws.com/books/Baa_baa_black_sheep_1.jpg,Accessible
"Baa, Baa, Black Sheep (Bb)",2,https://augie-read.s3.eu-west-2.amazonaws.com/books/Baa_baa_black_sheep_2.jpg,Accessible
"Baa, Baa, Black Sheep (Bb)",3,https://augie-read.s3.eu-west-2.amazonaws.com/books/Baa_baa_black_sheep_3.jpg,Accessible
"Baa, Baa, Black Sheep (Bb)",4,https://augie-read.s3.eu-west-2.amazonaws.com/books/Baa_baa_black_sheep_4.jpg,Accessible
"Baa, Baa, Black Sheep (Bb)",5,https://augie-read.s3.eu-west-2.amazonaws.com/books/Baa_baa_black_sheep_5.jpg,Accessible
"Baa, Baa, Black Sheep (Bb)",6,https://augie-read.s3.eu-west-2.amazonaws.com/books/Baa_baa_black_sheep_6.jpg,Accessible
"Baa, Baa, Black Sheep (Bb)",7,https://augie-read.s3.eu-west-2.amazonaws.com/books/Baa_baa_black_sheep_7.jpg,Accessible
"Baa, Baa, Black Sheep (Bb)",8,https://augie-read.s3.eu-west-2.amazonaws.com/books/Baa_baa_black_sheep_8.jpg,Accessible
Mary Had a Little Lamb (Ll),1,https://augie-read.s3.eu-west-2.amazonaws.com/books/Mary_had_a_little_lamb_1.jpg,Accessible
Mary Had a Little Lamb (Ll),2,https://augie-read.s3.eu-west-2.amazonaws.com/books/Mary_had_a_little_lamb_2.jpg,Accessible
Mary Had a Little Lamb (Ll),3,https://augie-read.s3.eu-west-2.amazonaws.com/books/Mary_had_a_little_lamb_3.jpg,Accessible
Mary Had a Little Lamb (Ll),4,https://augie-read.s3.eu-west-2.amazonaws.com/books/Mary_had_a_little_lamb_4.jpg,Accessible
Mary Had a Little Lamb (Ll),5,https://augie-read.s3.eu-west-2.amazonaws.com/books/Mary_had_a_little_lamb_5.jpg,Accessible
Mary Had a Little Lamb (Ll),6,https://augie-read.s3.eu-west-2.amazonaws.com/books/Mary_had_a_little_lamb_6.jpg,Accessible
Mary Had a Little Lamb (Ll),7,https://augie-read.s3.eu-west-2.amazonaws.com/books/Mary_had_a_little_lamb_7.jpg,Accessible
Mary Had a Little Lamb (Ll),8,https://augie-read.s3.eu-west-2.amazonaws.com/books/Mary_had_a_little_lamb_8.jpg,Accessible
This Little Piggy (Pp),1,https://augie-read.s3.eu-west-2.amazonaws.com/books/This_little_piggy_1.jpg,Not Accessible
This Little Piggy (Pp),2,https://augie-read.s3.eu-west-2.amazonaws.com/books/This_little_piggy_2.jpg,Not Accessible
This Little Piggy (Pp),3,https://augie-read.s3.eu-west-2.amazonaws.com/books/This_little_piggy_3.jpg,Not Accessible
This Little Piggy (Pp),4,https://augie-read.s3.eu-west-2.amazonaws.com/books/This_little_piggy_4.jpg,Not Accessible
This Little Piggy (Pp),5,https://augie-read.s3.eu-west-2.amazonaws.com/books/This_little_piggy_5.jpg,Not Accessible
"Quack, Quack, Quack (Qq)",1,https://augie-read.s3.eu-west-2.amazonaws.com/books/Quack_quack_quack_1.jpg,Not Accessible
"Quack, Quack, Quack (Qq)",2,https://augie-read.s3.eu-west-2.amazonaws.com/books/Quack_quack_quack_2.jpg,Not Accessible
"Quack, Quack, Quack (Qq)",3,https://augie-read.s3.eu-west-2.amazonaws.com/books/Quack_quack_quack_3.jpg,Not Accessible
"Quack, Quack, Quack (Qq)",4,https://augie-read.s3.eu-west-2.amazonaws.com/books/Quack_quack_quack_4.jpg,Not Accessible
"Quack, Quack, Quack (Qq)",5,https://augie-read.s3.eu-west-2.amazonaws.com/books/Quack_quack_quack_5.jpg,Not Accessible
"Quack, Quack, Quack (Qq)",6,https://augie-read.s3.eu-west-2.amazonaws.com/books/Quack_quack_quack_6.jpg,Not Accessible
"Quack, Quack, Quack (Qq)",7,https://augie-read.s3.eu-west-2.amazonaws.com/books/Quack_quack_quack_7.jpg,Not Accessible
"Quack, Quack, Quack (Qq)",8,https://augie-read.s3.eu-west-2.amazonaws.com/books/Quack_quack_quack_8.jpg,Not Accessible
"The Itsy, Bitsy Spider (Ss)",1,https://augie-read.s3.eu-west-2.amazonaws.com/books/The_itsy_bitsy_spider_1.jpg,Not Accessible
"The Itsy, Bitsy Spider (Ss)",2,https://augie-read.s3.eu-west-2.amazonaws.com/books/The_itsy_bitsy_spider_2.jpg,Not Accessible
"The Itsy, Bitsy Spider (Ss)",3,https://augie-read.s3.eu-west-2.amazonaws.com/books/The_itsy_bitsy_spider_3.jpg,Not Accessible
"The Itsy, Bitsy Spider (Ss)",4,https://augie-read.s3.eu-west-2.amazonaws.com/books/The_itsy_bitsy_spider_4.jpg,Not Accessible
"The Itsy, Bitsy Spider (Ss)",5,https://augie-read.s3.eu-west-2.amazonaws.com/books/The_itsy_bitsy_spider_5.jpg,Not Accessible
"The Itsy, Bitsy Spider (Ss)",6,https://augie-read.s3.eu-west-2.amazonaws.com/books/The_itsy_bitsy_spider_6.jpg,Not Accessible
"The Itsy, Bitsy Spider (Ss)",7,https://augie-read.s3.eu-west-2.amazonaws.com/books/The_itsy_bitsy_spider_7.jpg,Not Accessible
"The Itsy, Bitsy Spider (Ss)",8,https://augie-read.s3.eu-west-2.amazonaws.com/books/The_itsy_bitsy_spider_8.jpg,Not Accessible
9 Cat Night,1,https://augie-read.s3.eu-west-2.amazonaws.com/books/9_cat_night1.jpg,Not Accessible
9 Cat Night,2,https://augie-read.s3.eu-west-2.amazonaws.com/books/9_cat_night2.jpg,Not Accessible
9 Cat Night,3,https://augie-read.s3.eu-west-2.amazonaws.com/books/9_cat_night3.jpg,Not Accessible
9 Cat Night,4,https://augie-read.s3.eu-west-2.amazonaws.com/books/9_cat_night4.jpg,Not Accessible
9 Cat Night,5,https://augie-read.s3.eu-west-2.amazonaws.com/books/9_cat_night5.jpg,Not Accessible
9 Cat Night,6,https://augie-read.s3.eu-west-2.amazonaws.com/books/9_cat_night6.jpg,Not Accessible
9 Cat Night,7,https://augie-read.s3.eu-west-2.amazonaws.com/books/9_cat_night7.jpg,Not Accessible
9 Cat Night,8,https://augie-read.s3.eu-west-2.amazonaws.com/books/9_cat_night8.jpg,Not Accessible
9 Cat Night,9,https://augie-read.s3.eu-west-2.amazonaws.com/books/9_cat_night9.jpg,Not Accessible
9 Cat Night,10,https://augie-read.s3.eu-west-2.amazonaws.com/books/9_cat_night10.jpg,Not Accessible
9 Cat Night,11,https://augie-read.s3.eu-west-2.amazonaws.com/books/9_cat_night11.jpg,Not Accessible
9 Cat Night,12,https://augie-read.s3.eu-west-2.amazonaws.com/books/9_cat_night12.jpg,Not Accessible
9 Cat Night,13,https://augie-read.s3.eu-west-2.amazonaws.com/books/9_cat_night13.jpg,Not Accessible
9 Cat Night,14,https://augie-read.s3.eu-west-2.amazonaws.com/books/9_cat_night14.jpg,Not Accessible
9 Cat Night,15,https://augie-read.s3.eu-west-2.amazonaws.com/books/9_cat_night15.jpg,Not Accessible
9 Cat Night,16,https://augie-read.s3.eu-west-2.amazonaws.com/books/9_cat_night16.jpg,Not Accessible
9 Cat Night,17,https://augie-read.s3.eu-west-2.amazonaws.com/books/9_cat_night17.jpg,Not Accessible
9 Cat Night,18,https://augie-read.s3.eu-west-2.amazonaws.com/books/9_cat_night18.jpg,Not Accessible
Creepy Crawlers,1,https://augie-read.s3.eu-west-2.amazonaws.com/books/Creepy_crawlers1.jpg,Not Accessible
Creepy Crawlers,2,https://augie-read.s3.eu-west-2.amazonaws.com/books/Creepy_crawlers2.jpg,Not Accessible
Creepy Crawlers,3,https://augie-read.s3.eu-west-2.amazonaws.com/books/Creepy_crawlers3.jpg,Not Accessible
Creepy Crawlers,4,https://augie-read.s3.eu-west-2.amazonaws.com/books/Creepy_crawlers4.jpg,Not Accessible
Creepy Crawlers,5,https://augie-read.s3.eu-west-2.amazonaws.com/books/Creepy_crawlers5.jpg,Not Accessible
Creepy Crawlers,6,https://augie-read.s3.eu-west-2.amazonaws.com/books/Creepy_crawlers6.jpg,Not Accessible
Creepy Crawlers,7,https://augie-read.s3.eu-west-2.amazonaws.com/books/Creepy_crawlers7.jpg,Not Accessible
Creepy Crawlers,8,https://augie-read.s3.eu-west-2.amazonaws.com/books/Creepy_crawlers8.jpg,Not Accessible
Creepy Crawlers,9,https://augie-read.s3.eu-west-2.amazonaws.com/books/Creepy_crawlers9.jpg,Not Accessible
Creepy Crawlers,10,https://augie-read.s3.eu-west-2.amazonaws.com/books/Creepy_crawlers10.jpg,Not Accessible
Creepy Crawlers,11,https://augie-read.s3.eu-west-2.amazonaws.com/books/Creepy_crawlers11.jpg,Not Accessible
Creepy Crawlers,12,https://augie-read.s3.eu-west-2.amazonaws.com/books/Creepy_crawlers12.jpg,Not Accessible
Creepy Crawlers,13,https://augie-read.s3.eu-west-2.amazonaws.com/books/Creepy_crawlers13.jpg,Not Accessible
Creepy Crawlers,14,https://augie-read.s3.eu-west-2.amazonaws.com/books/Creepy_crawlers14.jpg,Not Accessible
Creepy Crawlers,15,https://augie-read.s3.eu-west-2.amazonaws.com/books/Creepy_crawlers15.jpg,Not Accessible
Creepy Crawlers,16,https://augie-read.s3.eu-west-2.amazonaws.com/books/Creepy_crawlers16.jpg,Not Accessible
Creepy Crawlers,17,https://augie-read.s3.eu-west-2.amazonaws.com/books/Creepy_crawlers17.jpg,Not Accessible
