Book Name,Page No,Image URL,Status Code
"Baa, Baa, Black Sheep (Bb)",1,https://augie-read.s3.eu-west-2.amazonaws.com/books/Baa_baa_black_sheep_1.jpg,200
"Baa, Baa, Black Sheep (Bb)",2,https://augie-read.s3.eu-west-2.amazonaws.com/books/Baa_baa_black_sheep_2.jpg,200
"Baa, Baa, Black Sheep (Bb)",3,https://augie-read.s3.eu-west-2.amazonaws.com/books/Baa_baa_black_sheep_3.jpg,200
"Baa, Baa, Black Sheep (Bb)",4,https://augie-read.s3.eu-west-2.amazonaws.com/books/Baa_baa_black_sheep_4.jpg,200
"Baa, Baa, Black Sheep (Bb)",5,https://augie-read.s3.eu-west-2.amazonaws.com/books/Baa_baa_black_sheep_5.jpg,200
"Baa, Baa, Black Sheep (Bb)",6,https://augie-read.s3.eu-west-2.amazonaws.com/books/Baa_baa_black_sheep_6.jpg,200
"Baa, Baa, Black Sheep (Bb)",7,https://augie-read.s3.eu-west-2.amazonaws.com/books/Baa_baa_black_sheep_7.jpg,200
"Baa, Baa, Black Sheep (Bb)",8,https://augie-read.s3.eu-west-2.amazonaws.com/books/Baa_baa_black_sheep_8.jpg,200
Mary Had a Little Lamb (Ll),1,https://augie-read.s3.eu-west-2.amazonaws.com/books/Mary_had_a_little_lamb_1.jpg,200
Mary Had a Little Lamb (Ll),2,https://augie-read.s3.eu-west-2.amazonaws.com/books/Mary_had_a_little_lamb_2.jpg,200
Mary Had a Little Lamb (Ll),3,https://augie-read.s3.eu-west-2.amazonaws.com/books/Mary_had_a_little_lamb_3.jpg,200
Mary Had a Little Lamb (Ll),4,https://augie-read.s3.eu-west-2.amazonaws.com/books/Mary_had_a_little_lamb_4.jpg,200
Mary Had a Little Lamb (Ll),5,https://augie-read.s3.eu-west-2.amazonaws.com/books/Mary_had_a_little_lamb_5.jpg,200
Mary Had a Little Lamb (Ll),6,https://augie-read.s3.eu-west-2.amazonaws.com/books/Mary_had_a_little_lamb_6.jpg,200
Mary Had a Little Lamb (Ll),7,https://augie-read.s3.eu-west-2.amazonaws.com/books/Mary_had_a_little_lamb_7.jpg,200
Mary Had a Little Lamb (Ll),8,https://augie-read.s3.eu-west-2.amazonaws.com/books/Mary_had_a_little_lamb_8.jpg,200
This Little Piggy (Pp),1,https://augie-read.s3.eu-west-2.amazonaws.com/books/This_Little_Piggy_1.jpg,200
This Little Piggy (Pp),2,https://augie-read.s3.eu-west-2.amazonaws.com/books/This_Little_Piggy_2.jpg,200
This Little Piggy (Pp),3,https://augie-read.s3.eu-west-2.amazonaws.com/books/This_Little_Piggy_3.jpg,200
This Little Piggy (Pp),4,https://augie-read.s3.eu-west-2.amazonaws.com/books/This_Little_Piggy_4.jpg,200
This Little Piggy (Pp),5,https://augie-read.s3.eu-west-2.amazonaws.com/books/This_Little_Piggy_5.jpg,200
"Quack, Quack, Quack (Qq)",1,https://augie-read.s3.eu-west-2.amazonaws.com/books/Quack_Quack_Quack_1.jpg,200
"Quack, Quack, Quack (Qq)",2,https://augie-read.s3.eu-west-2.amazonaws.com/books/Quack_Quack_Quack_2.jpg,200
"Quack, Quack, Quack (Qq)",3,https://augie-read.s3.eu-west-2.amazonaws.com/books/Quack_Quack_Quack_3.jpg,200
"Quack, Quack, Quack (Qq)",4,https://augie-read.s3.eu-west-2.amazonaws.com/books/Quack_Quack_Quack_4.jpg,200
"Quack, Quack, Quack (Qq)",5,https://augie-read.s3.eu-west-2.amazonaws.com/books/Quack_Quack_Quack_5.jpg,200
"Quack, Quack, Quack (Qq)",6,https://augie-read.s3.eu-west-2.amazonaws.com/books/Quack_Quack_Quack_6.jpg,200
"Quack, Quack, Quack (Qq)",7,https://augie-read.s3.eu-west-2.amazonaws.com/books/Quack_Quack_Quack_7.jpg,200
"Quack, Quack, Quack (Qq)",8,https://augie-read.s3.eu-west-2.amazonaws.com/books/Quack_Quack_Quack_8.jpg,200
"The Itsy, Bitsy Spider (Ss)",1,https://augie-read.s3.eu-west-2.amazonaws.com/books/The_Itsy_Bitsy_Spider_1.jpg,200
"The Itsy, Bitsy Spider (Ss)",2,https://augie-read.s3.eu-west-2.amazonaws.com/books/The_Itsy_Bitsy_Spider_2.jpg,200
"The Itsy, Bitsy Spider (Ss)",3,https://augie-read.s3.eu-west-2.amazonaws.com/books/The_Itsy_Bitsy_Spider_3.jpg,200
"The Itsy, Bitsy Spider (Ss)",4,https://augie-read.s3.eu-west-2.amazonaws.com/books/The_Itsy_Bitsy_Spider_4.jpg,200
"The Itsy, Bitsy Spider (Ss)",5,https://augie-read.s3.eu-west-2.amazonaws.com/books/The_Itsy_Bitsy_Spider_5.jpg,200
"The Itsy, Bitsy Spider (Ss)",6,https://augie-read.s3.eu-west-2.amazonaws.com/books/The_Itsy_Bitsy_Spider_6.jpg,200
"The Itsy, Bitsy Spider (Ss)",7,https://augie-read.s3.eu-west-2.amazonaws.com/books/The_Itsy_Bitsy_Spider_7.jpg,200
"The Itsy, Bitsy Spider (Ss)",8,https://augie-read.s3.eu-west-2.amazonaws.com/books/The_Itsy_Bitsy_Spider_8.jpg,200
9 Cat Night,1,https://augie-read.s3.eu-west-2.amazonaws.com/books/9_Cat_Night_2.jpg,200
9 Cat Night,2,https://augie-read.s3.eu-west-2.amazonaws.com/books/9_Cat_Night_2.jpg,200
9 Cat Night,3,https://augie-read.s3.eu-west-2.amazonaws.com/books/9_Cat_Night_3.jpg,200
9 Cat Night,4,https://augie-read.s3.eu-west-2.amazonaws.com/books/9_Cat_Night_3.jpg,200
9 Cat Night,5,https://augie-read.s3.eu-west-2.amazonaws.com/books/9_Cat_Night_4.jpg,200
9 Cat Night,6,https://augie-read.s3.eu-west-2.amazonaws.com/books/9_Cat_Night_4.jpg,200
9 Cat Night,7,https://augie-read.s3.eu-west-2.amazonaws.com/books/9_Cat_Night_5.jpg,200
9 Cat Night,8,https://augie-read.s3.eu-west-2.amazonaws.com/books/9_Cat_Night_6.jpg,200
9 Cat Night,9,https://augie-read.s3.eu-west-2.amazonaws.com/books/9_Cat_Night_6.jpg,200
9 Cat Night,10,https://augie-read.s3.eu-west-2.amazonaws.com/books/9_Cat_Night_7.jpg,200
9 Cat Night,11,https://augie-read.s3.eu-west-2.amazonaws.com/books/9_Cat_Night_8.jpg,200
9 Cat Night,12,https://augie-read.s3.eu-west-2.amazonaws.com/books/9_Cat_Night_8.jpg,200
9 Cat Night,13,https://augie-read.s3.eu-west-2.amazonaws.com/books/9_Cat_Night_9.jpg,200
9 Cat Night,14,https://augie-read.s3.eu-west-2.amazonaws.com/books/9_Cat_Night_10.jpg,200
9 Cat Night,15,https://augie-read.s3.eu-west-2.amazonaws.com/books/9_Cat_Night_10.jpg,200
9 Cat Night,16,https://augie-read.s3.eu-west-2.amazonaws.com/books/9_Cat_Night_11.jpg,200
9 Cat Night,17,https://augie-read.s3.eu-west-2.amazonaws.com/books/9_Cat_Night_12.jpg,200
9 Cat Night,18,https://augie-read.s3.eu-west-2.amazonaws.com/books/9_Cat_Night_12.jpg,200
Creepy Crawlers,1,https://augie-read.s3.eu-west-2.amazonaws.com/books/Creepy_Crawlers_2.jpg,200
Creepy Crawlers,2,https://augie-read.s3.eu-west-2.amazonaws.com/books/Creepy_Crawlers_2.jpg,200
Creepy Crawlers,3,https://augie-read.s3.eu-west-2.amazonaws.com/books/Creepy_Crawlers_3.jpg,200
Creepy Crawlers,4,https://augie-read.s3.eu-west-2.amazonaws.com/books/Creepy_Crawlers_3.jpg,200
Creepy Crawlers,5,https://augie-read.s3.eu-west-2.amazonaws.com/books/Creepy_Crawlers_4.jpg,200
Creepy Crawlers,6,https://augie-read.s3.eu-west-2.amazonaws.com/books/Creepy_Crawlers_4.jpg,200
Creepy Crawlers,7,https://augie-read.s3.eu-west-2.amazonaws.com/books/Creepy_Crawlers_4.jpg,200
Creepy Crawlers,8,https://augie-read.s3.eu-west-2.amazonaws.com/books/Creepy_Crawlers_4.jpg,200
Creepy Crawlers,9,https://augie-read.s3.eu-west-2.amazonaws.com/books/Creepy_Crawlers_5.jpg,200
Creepy Crawlers,10,https://augie-read.s3.eu-west-2.amazonaws.com/books/Creepy_Crawlers_5.jpg,200
Creepy Crawlers,11,https://augie-read.s3.eu-west-2.amazonaws.com/books/Creepy_Crawlers_5.jpg,200
Creepy Crawlers,12,https://augie-read.s3.eu-west-2.amazonaws.com/books/Creepy_Crawlers_5.jpg,200
Creepy Crawlers,13,https://augie-read.s3.eu-west-2.amazonaws.com/books/Creepy_Crawlers_6.jpg,200
Creepy Crawlers,14,https://augie-read.s3.eu-west-2.amazonaws.com/books/Creepy_Crawlers_6.jpg,200
Creepy Crawlers,15,https://augie-read.s3.eu-west-2.amazonaws.com/books/Creepy_Crawlers_6.jpg,200
Creepy Crawlers,16,https://augie-read.s3.eu-west-2.amazonaws.com/books/Creepy_Crawlers_6.jpg,200
Creepy Crawlers,17,https://augie-read.s3.eu-west-2.amazonaws.com/books/Creepy_Crawlers_7.jpg,200
Creepy Crawlers,18,https://augie-read.s3.eu-west-2.amazonaws.com/books/Creepy_Crawlers_7.jpg,200
Creepy Crawlers,19,https://augie-read.s3.eu-west-2.amazonaws.com/books/Creepy_Crawlers_7.jpg,200
Creepy Crawlers,20,https://augie-read.s3.eu-west-2.amazonaws.com/books/Creepy_Crawlers_7.jpg,200
Creepy Crawlers,21,https://augie-read.s3.eu-west-2.amazonaws.com/books/Creepy_Crawlers_8.jpg,200
Creepy Crawlers,22,https://augie-read.s3.eu-west-2.amazonaws.com/books/Creepy_Crawlers_8.jpg,200
Creepy Crawlers,23,https://augie-read.s3.eu-west-2.amazonaws.com/books/Creepy_Crawlers_8.jpg,200
Creepy Crawlers,24,https://augie-read.s3.eu-west-2.amazonaws.com/books/Creepy_Crawlers_8.jpg,200
Four Fine Friends,1,https://augie-read.s3.eu-west-2.amazonaws.com/books/Four_Fine_Friends_2.jpg,200
Four Fine Friends,2,https://augie-read.s3.eu-west-2.amazonaws.com/books/Four_Fine_Friends_3.jpg,200
Four Fine Friends,3,https://augie-read.s3.eu-west-2.amazonaws.com/books/Four_Fine_Friends_4.jpg,200
Four Fine Friends,4,https://augie-read.s3.eu-west-2.amazonaws.com/books/Four_Fine_Friends_4.jpg,200
Four Fine Friends,5,https://augie-read.s3.eu-west-2.amazonaws.com/books/Four_Fine_Friends_5.jpg,200
Four Fine Friends,6,https://augie-read.s3.eu-west-2.amazonaws.com/books/Four_Fine_Friends_6.jpg,200
Four Fine Friends,7,https://augie-read.s3.eu-west-2.amazonaws.com/books/Four_Fine_Friends_6.jpg,200
Four Fine Friends,8,https://augie-read.s3.eu-west-2.amazonaws.com/books/Four_Fine_Friends_7.jpg,200
Four Fine Friends,9,https://augie-read.s3.eu-west-2.amazonaws.com/books/Four_Fine_Friends_8.jpg,200
Four Fine Friends,10,https://augie-read.s3.eu-west-2.amazonaws.com/books/Four_Fine_Friends_8.jpg,200
Four Fine Friends,11,https://augie-read.s3.eu-west-2.amazonaws.com/books/Four_Fine_Friends_9.jpg,200
Four Fine Friends,12,https://augie-read.s3.eu-west-2.amazonaws.com/books/Four_Fine_Friends_10.jpg,200
Four Fine Friends,13,https://augie-read.s3.eu-west-2.amazonaws.com/books/Four_Fine_Friends_10.jpg,200
Four Fine Friends,14,https://augie-read.s3.eu-west-2.amazonaws.com/books/Four_Fine_Friends_11.jpg,200
Four Fine Friends,15,https://augie-read.s3.eu-west-2.amazonaws.com/books/Four_Fine_Friends_12.jpg,200
Four Fine Friends,16,https://augie-read.s3.eu-west-2.amazonaws.com/books/Four_Fine_Friends_12.jpg,200
Fourteen Camel Caravan,1,https://augie-read.s3.eu-west-2.amazonaws.com/books/Fourteen_Camel_Caravan_2.jpg,200
Fourteen Camel Caravan,2,https://augie-read.s3.eu-west-2.amazonaws.com/books/Fourteen_Camel_Caravan_4.jpg,200
Fourteen Camel Caravan,3,https://augie-read.s3.eu-west-2.amazonaws.com/books/Fourteen_Camel_Caravan_6.jpg,200
Fourteen Camel Caravan,4,https://augie-read.s3.eu-west-2.amazonaws.com/books/Fourteen_Camel_Caravan_7.jpg,200
Fourteen Camel Caravan,5,https://augie-read.s3.eu-west-2.amazonaws.com/books/Fourteen_Camel_Caravan_8.jpg,200
Fourteen Camel Caravan,6,https://augie-read.s3.eu-west-2.amazonaws.com/books/Fourteen_Camel_Caravan_9.jpg,200
Fourteen Camel Caravan,7,https://augie-read.s3.eu-west-2.amazonaws.com/books/Fourteen_Camel_Caravan_10.jpg,200
Fourteen Camel Caravan,8,https://augie-read.s3.eu-west-2.amazonaws.com/books/Fourteen_Camel_Caravan_11.jpg,200
Fourteen Camel Caravan,9,https://augie-read.s3.eu-west-2.amazonaws.com/books/Fourteen_Camel_Caravan_12.jpg,200
Guess What I Am,1,https://augie-read.s3.eu-west-2.amazonaws.com/books/Guess_What_I_Am_3.jpg,200
Guess What I Am,2,https://augie-read.s3.eu-west-2.amazonaws.com/books/Guess_What_I_Am_3.jpg,200
Guess What I Am,3,https://augie-read.s3.eu-west-2.amazonaws.com/books/Guess_What_I_Am_4.jpg,200
Guess What I Am,4,https://augie-read.s3.eu-west-2.amazonaws.com/books/Guess_What_I_Am_5.jpg,200
Guess What I Am,5,https://augie-read.s3.eu-west-2.amazonaws.com/books/Guess_What_I_Am_6.jpg,200
Guess What I Am,6,https://augie-read.s3.eu-west-2.amazonaws.com/books/Guess_What_I_Am_7.jpg,200
Guess What I Am,7,https://augie-read.s3.eu-west-2.amazonaws.com/books/Guess_What_I_Am_8.jpg,200
Guess What I Am,8,https://augie-read.s3.eu-west-2.amazonaws.com/books/Guess_What_I_Am_9.jpg,200
Guess What I Am,9,https://augie-read.s3.eu-west-2.amazonaws.com/books/Guess_What_I_Am_10.jpg,200
Guess What I Am,10,https://augie-read.s3.eu-west-2.amazonaws.com/books/Guess_What_I_Am_11.jpg,200
Guess What I Am,11,https://augie-read.s3.eu-west-2.amazonaws.com/books/Guess_What_I_Am_12.jpg,200
I Wish I Had Ears Like a Bat,1,https://augie-read.s3.eu-west-2.amazonaws.com/books/I_Wish_I_Had_Ears_Like_a_Bat_2.jpg,200
I Wish I Had Ears Like a Bat,2,https://augie-read.s3.eu-west-2.amazonaws.com/books/I_Wish_I_Had_Ears_Like_a_Bat_3.jpg,200
I Wish I Had Ears Like a Bat,3,https://augie-read.s3.eu-west-2.amazonaws.com/books/I_Wish_I_Had_Ears_Like_a_Bat_4.jpg,200
I Wish I Had Ears Like a Bat,4,https://augie-read.s3.eu-west-2.amazonaws.com/books/I_Wish_I_Had_Ears_Like_a_Bat_5.jpg,200
I Wish I Had Ears Like a Bat,5,https://augie-read.s3.eu-west-2.amazonaws.com/books/I_Wish_I_Had_Ears_Like_a_Bat_6.jpg,200
I Wish I Had Ears Like a Bat,6,https://augie-read.s3.eu-west-2.amazonaws.com/books/I_Wish_I_Had_Ears_Like_a_Bat_7.jpg,200
I Wish I Had Ears Like a Bat,7,https://augie-read.s3.eu-west-2.amazonaws.com/books/I_Wish_I_Had_Ears_Like_a_Bat_8.jpg,200
I Wish I Had Ears Like a Bat,8,https://augie-read.s3.eu-west-2.amazonaws.com/books/I_Wish_I_Had_Ears_Like_a_Bat_9.jpg,200
I Wish I Had Ears Like a Bat,9,https://augie-read.s3.eu-west-2.amazonaws.com/books/I_Wish_I_Had_Ears_Like_a_Bat_10.jpg,200
I Wish I Had Ears Like a Bat,10,https://augie-read.s3.eu-west-2.amazonaws.com/books/I_Wish_I_Had_Ears_Like_a_Bat_11.jpg,200
I Wish I Had Ears Like a Bat,11,https://augie-read.s3.eu-west-2.amazonaws.com/books/I_Wish_I_Had_Ears_Like_a_Bat_12.jpg,200
One Day on the Farm,1,https://augie-read.s3.eu-west-2.amazonaws.com/books/One_Day_on_the_Farm_2.jpg,200
One Day on the Farm,2,https://augie-read.s3.eu-west-2.amazonaws.com/books/One_Day_on_the_Farm_3.jpg,200
One Day on the Farm,3,https://augie-read.s3.eu-west-2.amazonaws.com/books/One_Day_on_the_Farm_4.jpg,200
One Day on the Farm,4,https://augie-read.s3.eu-west-2.amazonaws.com/books/One_Day_on_the_Farm_5.jpg,200
One Day on the Farm,5,https://augie-read.s3.eu-west-2.amazonaws.com/books/One_Day_on_the_Farm_6.jpg,200
One Day on the Farm,6,https://augie-read.s3.eu-west-2.amazonaws.com/books/One_Day_on_the_Farm_7.jpg,200
One Day on the Farm,7,https://augie-read.s3.eu-west-2.amazonaws.com/books/One_Day_on_the_Farm_8.jpg,200
One Day on the Farm,8,https://augie-read.s3.eu-west-2.amazonaws.com/books/One_Day_on_the_Farm_9.jpg,200
One Day on the Farm,9,https://augie-read.s3.eu-west-2.amazonaws.com/books/One_Day_on_the_Farm_10.jpg,200
One Day on the Farm,10,https://augie-read.s3.eu-west-2.amazonaws.com/books/One_Day_on_the_Farm_11.jpg,200
One Day on the Farm,11,https://augie-read.s3.eu-west-2.amazonaws.com/books/One_Day_on_the_Farm_12.jpg,200
E_Eleven Elephants,1,https://augie-read.s3.eu-west-2.amazonaws.com/books/Eleven_Elephants_1.jpg,200
E_Eleven Elephants,2,https://augie-read.s3.eu-west-2.amazonaws.com/books/Eleven_Elephants_2.jpg,200
E_Eleven Elephants,3,https://augie-read.s3.eu-west-2.amazonaws.com/books/Eleven_Elephants_3.jpg,200
E_Eleven Elephants,4,https://augie-read.s3.eu-west-2.amazonaws.com/books/Eleven_Elephants_4.jpg,200
E_Eleven Elephants,5,https://augie-read.s3.eu-west-2.amazonaws.com/books/Eleven_Elephants_5.jpg,200
E_Eleven Elephants,6,https://augie-read.s3.eu-west-2.amazonaws.com/books/Eleven_Elephants_6.jpg,200
E_Eleven Elephants,7,https://augie-read.s3.eu-west-2.amazonaws.com/books/Eleven_Elephants_7.jpg,200
"G_Go, Grasshopper",1,https://augie-read.s3.eu-west-2.amazonaws.com/books/Go_Grasshopper_1.jpg,200
"G_Go, Grasshopper",2,https://augie-read.s3.eu-west-2.amazonaws.com/books/Go_Grasshopper_2.jpg,200
"G_Go, Grasshopper",3,https://augie-read.s3.eu-west-2.amazonaws.com/books/Go_Grasshopper_3.jpg,200
"G_Go, Grasshopper",4,https://augie-read.s3.eu-west-2.amazonaws.com/books/Go_Grasshopper_4.jpg,200
"G_Go, Grasshopper",5,https://augie-read.s3.eu-west-2.amazonaws.com/books/Go_Grasshopper_5.jpg,200
"G_Go, Grasshopper",6,https://augie-read.s3.eu-west-2.amazonaws.com/books/Go_Grasshopper_6.jpg,200
"G_Go, Grasshopper",7,https://augie-read.s3.eu-west-2.amazonaws.com/books/Go_Grasshopper_7.jpg,200
"G_Go, Grasshopper",8,https://augie-read.s3.eu-west-2.amazonaws.com/books/Go_Grasshopper_7.jpg,200
"K_Here, Kitty, Kitty",1,https://augie-read.s3.eu-west-2.amazonaws.com/books/Here_Kitty_Kitty_1.jpg,200
"K_Here, Kitty, Kitty",2,https://augie-read.s3.eu-west-2.amazonaws.com/books/Here_Kitty_Kitty_2.jpg,200
"K_Here, Kitty, Kitty",3,https://augie-read.s3.eu-west-2.amazonaws.com/books/Here_Kitty_Kitty_3.jpg,200
"K_Here, Kitty, Kitty",4,https://augie-read.s3.eu-west-2.amazonaws.com/books/Here_Kitty_Kitty_4.jpg,200
"K_Here, Kitty, Kitty",5,https://augie-read.s3.eu-west-2.amazonaws.com/books/Here_Kitty_Kitty_5.jpg,200
"K_Here, Kitty, Kitty",6,https://augie-read.s3.eu-west-2.amazonaws.com/books/Here_Kitty_Kitty_6.jpg,200
"K_Here, Kitty, Kitty",7,https://augie-read.s3.eu-west-2.amazonaws.com/books/Here_Kitty_Kitty_7.jpg,200
W_Watch the Woolly Worm,1,https://augie-read.s3.eu-west-2.amazonaws.com/books/Watch_the_Woolly_Worm_1.jpg,200
W_Watch the Woolly Worm,2,https://augie-read.s3.eu-west-2.amazonaws.com/books/Watch_the_Woolly_Worm_2.jpg,200
W_Watch the Woolly Worm,3,https://augie-read.s3.eu-west-2.amazonaws.com/books/Watch_the_Woolly_Worm_3.jpg,200
W_Watch the Woolly Worm,4,https://augie-read.s3.eu-west-2.amazonaws.com/books/Watch_the_Woolly_Worm_4.jpg,200
W_Watch the Woolly Worm,5,https://augie-read.s3.eu-west-2.amazonaws.com/books/Watch_the_Woolly_Worm_5.jpg,200
W_Watch the Woolly Worm,6,https://augie-read.s3.eu-west-2.amazonaws.com/books/Watch_the_Woolly_Worm_6.jpg,200
W_Watch the Woolly Worm,7,https://augie-read.s3.eu-west-2.amazonaws.com/books/Watch_the_Woolly_Worm_7.jpg,200
X_Rex is in a Fix,1,https://augie-read.s3.eu-west-2.amazonaws.com/books/Rex_is_in_a_Fix_1.jpg,200
X_Rex is in a Fix,2,https://augie-read.s3.eu-west-2.amazonaws.com/books/Rex_is_in_a_Fix_2.jpg,200
X_Rex is in a Fix,3,https://augie-read.s3.eu-west-2.amazonaws.com/books/Rex_is_in_a_Fix_3.jpg,200
X_Rex is in a Fix,4,https://augie-read.s3.eu-west-2.amazonaws.com/books/Rex_is_in_a_Fix_4.jpg,200
X_Rex is in a Fix,5,https://augie-read.s3.eu-west-2.amazonaws.com/books/Rex_is_in_a_Fix_5.jpg,200
X_Rex is in a Fix,6,https://augie-read.s3.eu-west-2.amazonaws.com/books/Rex_is_in_a_Fix_6.jpg,200
X_Rex is in a Fix,7,https://augie-read.s3.eu-west-2.amazonaws.com/books/Rex_is_in_a_Fix_7.jpg,200
Z_The_Zebra,1,https://augie-read.s3.eu-west-2.amazonaws.com/books/The_Zebra_1.jpg,200
Z_The_Zebra,2,https://augie-read.s3.eu-west-2.amazonaws.com/books/The_Zebra_2.jpg,200
Z_The_Zebra,3,https://augie-read.s3.eu-west-2.amazonaws.com/books/The_Zebra_3.jpg,200
Z_The_Zebra,4,https://augie-read.s3.eu-west-2.amazonaws.com/books/The_Zebra_4.jpg,200
Z_The_Zebra,5,https://augie-read.s3.eu-west-2.amazonaws.com/books/The_Zebra_5.jpg,200
Z_The_Zebra,6,https://augie-read.s3.eu-west-2.amazonaws.com/books/The_Zebra_6.jpg,200
Z_The_Zebra,7,https://augie-read.s3.eu-west-2.amazonaws.com/books/The_Zebra_7.jpg,200
