Book Name,Page No,Image URL,Status Code
"Baa, Baa, Black Sheep (Bb)",1,https://augie-read.s3.eu-west-2.amazonaws.com/books/Baa_baa_black_sheep_1.jpg,200
"Baa, Baa, Black Sheep (Bb)",2,https://augie-read.s3.eu-west-2.amazonaws.com/books/Baa_baa_black_sheep_2.jpg,200
"Baa, Baa, Black Sheep (Bb)",3,https://augie-read.s3.eu-west-2.amazonaws.com/books/Baa_baa_black_sheep_3.jpg,200
"Baa, Baa, Black Sheep (Bb)",4,https://augie-read.s3.eu-west-2.amazonaws.com/books/Baa_baa_black_sheep_4.jpg,200
"Baa, Baa, Black Sheep (Bb)",5,https://augie-read.s3.eu-west-2.amazonaws.com/books/Baa_baa_black_sheep_5.jpg,200
"Baa, Baa, Black Sheep (Bb)",6,https://augie-read.s3.eu-west-2.amazonaws.com/books/Baa_baa_black_sheep_6.jpg,200
"Baa, Baa, Black Sheep (Bb)",7,https://augie-read.s3.eu-west-2.amazonaws.com/books/Baa_baa_black_sheep_7.jpg,200
"Baa, Baa, Black Sheep (Bb)",8,https://augie-read.s3.eu-west-2.amazonaws.com/books/Baa_baa_black_sheep_8.jpg,200
Pat-a-cake (Bb),1,https://augie-read.s3.eu-west-2.amazonaws.com/books/Patacake_1.jpg,200
Pat-a-cake (Bb),2,https://augie-read.s3.eu-west-2.amazonaws.com/books/Patacake_2.jpg,200
Pat-a-cake (Bb),3,https://augie-read.s3.eu-west-2.amazonaws.com/books/Patacake_3.jpg,200
Pat-a-cake (Bb),4,https://augie-read.s3.eu-west-2.amazonaws.com/books/Patacake_4.jpg,200
Pat-a-cake (Bb),5,https://augie-read.s3.eu-west-2.amazonaws.com/books/Patacake_5.jpg,200
Pat-a-cake (Bb),6,https://augie-read.s3.eu-west-2.amazonaws.com/books/Patacake_6.jpg,200
Pat-a-cake (Bb),7,https://augie-read.s3.eu-west-2.amazonaws.com/books/Patacake_7.jpg,200
Pat-a-cake (Bb),8,https://augie-read.s3.eu-west-2.amazonaws.com/books/Patacake_8.jpg,200
"Hey, Diddle, Diddle (Dd)",1,https://augie-read.s3.eu-west-2.amazonaws.com/books/Hey_Diddle_Diddle_1.jpg,200
"Hey, Diddle, Diddle (Dd)",2,https://augie-read.s3.eu-west-2.amazonaws.com/books/Hey_Diddle_Diddle_2.jpg,200
"Hey, Diddle, Diddle (Dd)",3,https://augie-read.s3.eu-west-2.amazonaws.com/books/Hey_Diddle_Diddle_3.jpg,200
"Hey, Diddle, Diddle (Dd)",4,https://augie-read.s3.eu-west-2.amazonaws.com/books/Hey_Diddle_Diddle_4.jpg,200
"Hey, Diddle, Diddle (Dd)",5,https://augie-read.s3.eu-west-2.amazonaws.com/books/Hey_Diddle_Diddle_5.jpg,200
Jack and Jill (Jj),1,https://augie-read.s3.eu-west-2.amazonaws.com/books/Jack_and_Jill_1.jpg,200
Jack and Jill (Jj),2,https://augie-read.s3.eu-west-2.amazonaws.com/books/Jack_and_Jill_2.jpg,200
Jack and Jill (Jj),3,https://augie-read.s3.eu-west-2.amazonaws.com/books/Jack_and_Jill_3.jpg,200
Jack and Jill (Jj),4,https://augie-read.s3.eu-west-2.amazonaws.com/books/Jack_and_Jill_4.jpg,200
Jack and Jill (Jj),5,https://augie-read.s3.eu-west-2.amazonaws.com/books/Jack_and_Jill_5.jpg,200
Jack and Jill (Jj),6,https://augie-read.s3.eu-west-2.amazonaws.com/books/Jack_and_Jill_6.jpg,200
Mary Had a Little Lamb (Ll),1,https://augie-read.s3.eu-west-2.amazonaws.com/books/Mary_had_a_little_lamb_1.jpg,200
Mary Had a Little Lamb (Ll),2,https://augie-read.s3.eu-west-2.amazonaws.com/books/Mary_had_a_little_lamb_2.jpg,200
Mary Had a Little Lamb (Ll),3,https://augie-read.s3.eu-west-2.amazonaws.com/books/Mary_had_a_little_lamb_3.jpg,200
Mary Had a Little Lamb (Ll),4,https://augie-read.s3.eu-west-2.amazonaws.com/books/Mary_had_a_little_lamb_4.jpg,200
Mary Had a Little Lamb (Ll),5,https://augie-read.s3.eu-west-2.amazonaws.com/books/Mary_had_a_little_lamb_5.jpg,200
Mary Had a Little Lamb (Ll),6,https://augie-read.s3.eu-west-2.amazonaws.com/books/Mary_had_a_little_lamb_6.jpg,200
Mary Had a Little Lamb (Ll),7,https://augie-read.s3.eu-west-2.amazonaws.com/books/Mary_had_a_little_lamb_7.jpg,200
Mary Had a Little Lamb (Ll),8,https://augie-read.s3.eu-west-2.amazonaws.com/books/Mary_had_a_little_lamb_8.jpg,200
This Little Piggy (Pp),1,https://augie-read.s3.eu-west-2.amazonaws.com/books/This_Little_Piggy_1.jpg,200
This Little Piggy (Pp),2,https://augie-read.s3.eu-west-2.amazonaws.com/books/This_Little_Piggy_2.jpg,200
This Little Piggy (Pp),3,https://augie-read.s3.eu-west-2.amazonaws.com/books/This_Little_Piggy_3.jpg,200
This Little Piggy (Pp),4,https://augie-read.s3.eu-west-2.amazonaws.com/books/This_Little_Piggy_4.jpg,200
This Little Piggy (Pp),5,https://augie-read.s3.eu-west-2.amazonaws.com/books/This_Little_Piggy_5.jpg,200
"Quack, Quack, Quack (Qq)",1,https://augie-read.s3.eu-west-2.amazonaws.com/books/Quack_Quack_Quack_1.jpg,200
"Quack, Quack, Quack (Qq)",2,https://augie-read.s3.eu-west-2.amazonaws.com/books/Quack_Quack_Quack_2.jpg,200
"Quack, Quack, Quack (Qq)",3,https://augie-read.s3.eu-west-2.amazonaws.com/books/Quack_Quack_Quack_3.jpg,200
"Quack, Quack, Quack (Qq)",4,https://augie-read.s3.eu-west-2.amazonaws.com/books/Quack_Quack_Quack_4.jpg,200
"Quack, Quack, Quack (Qq)",5,https://augie-read.s3.eu-west-2.amazonaws.com/books/Quack_Quack_Quack_5.jpg,200
"Quack, Quack, Quack (Qq)",6,https://augie-read.s3.eu-west-2.amazonaws.com/books/Quack_Quack_Quack_6.jpg,200
"Quack, Quack, Quack (Qq)",7,https://augie-read.s3.eu-west-2.amazonaws.com/books/Quack_Quack_Quack_7.jpg,200
"Quack, Quack, Quack (Qq)",8,https://augie-read.s3.eu-west-2.amazonaws.com/books/Quack_Quack_Quack_8.jpg,200
"Rock-a-bye, Baby (Rr)",1,https://augie-read.s3.eu-west-2.amazonaws.com/books/Rockabye_baby_1.jpg,200
"Rock-a-bye, Baby (Rr)",2,https://augie-read.s3.eu-west-2.amazonaws.com/books/Rockabye_baby_2.jpg,200
"Rock-a-bye, Baby (Rr)",3,https://augie-read.s3.eu-west-2.amazonaws.com/books/Rockabye_baby_3.jpg,200
"Rock-a-bye, Baby (Rr)",4,https://augie-read.s3.eu-west-2.amazonaws.com/books/Rockabye_baby_4.jpg,200
"Rock-a-bye, Baby (Rr)",5,https://augie-read.s3.eu-west-2.amazonaws.com/books/Rockabye_baby_5.jpg,200
"Rock-a-bye, Baby (Rr)",6,https://augie-read.s3.eu-west-2.amazonaws.com/books/Rockabye_baby_6.jpg,200
"Rock-a-bye, Baby (Rr)",7,https://augie-read.s3.eu-west-2.amazonaws.com/books/Rockabye_baby_7.jpg,200
"Rock-a-bye, Baby (Rr)",8,https://augie-read.s3.eu-west-2.amazonaws.com/books/Rockabye_baby_8.jpg,200
"The Itsy, Bitsy Spider (Ss)",1,https://augie-read.s3.eu-west-2.amazonaws.com/books/The_Itsy_Bitsy_Spider_1.jpg,200
"The Itsy, Bitsy Spider (Ss)",2,https://augie-read.s3.eu-west-2.amazonaws.com/books/The_Itsy_Bitsy_Spider_2.jpg,200
"The Itsy, Bitsy Spider (Ss)",3,https://augie-read.s3.eu-west-2.amazonaws.com/books/The_Itsy_Bitsy_Spider_3.jpg,200
"The Itsy, Bitsy Spider (Ss)",4,https://augie-read.s3.eu-west-2.amazonaws.com/books/The_Itsy_Bitsy_Spider_4.jpg,200
"The Itsy, Bitsy Spider (Ss)",5,https://augie-read.s3.eu-west-2.amazonaws.com/books/The_Itsy_Bitsy_Spider_5.jpg,200
"The Itsy, Bitsy Spider (Ss)",6,https://augie-read.s3.eu-west-2.amazonaws.com/books/The_Itsy_Bitsy_Spider_6.jpg,200
"The Itsy, Bitsy Spider (Ss)",7,https://augie-read.s3.eu-west-2.amazonaws.com/books/The_Itsy_Bitsy_Spider_7.jpg,200
"The Itsy, Bitsy Spider (Ss)",8,https://augie-read.s3.eu-west-2.amazonaws.com/books/The_Itsy_Bitsy_Spider_8.jpg,200
Where Is Thumbkin? (Ww),1,https://augie-read.s3.eu-west-2.amazonaws.com/books/Where_is_Thumbkin_1.jpg,200
Where Is Thumbkin? (Ww),2,https://augie-read.s3.eu-west-2.amazonaws.com/books/Where_is_Thumbkin_2.jpg,200
Where Is Thumbkin? (Ww),3,https://augie-read.s3.eu-west-2.amazonaws.com/books/Where_is_Thumbkin_3.jpg,200
Where Is Thumbkin? (Ww),4,https://augie-read.s3.eu-west-2.amazonaws.com/books/Where_is_Thumbkin_4.jpg,200
Where Is Thumbkin? (Ww),5,https://augie-read.s3.eu-west-2.amazonaws.com/books/Where_is_Thumbkin_5.jpg,200
Where Is Thumbkin? (Ww),6,https://augie-read.s3.eu-west-2.amazonaws.com/books/Where_is_Thumbkin_6.jpg,200
Where Is Thumbkin? (Ww),7,https://augie-read.s3.eu-west-2.amazonaws.com/books/Where_is_Thumbkin_7.jpg,200
Where Is Thumbkin? (Ww),8,https://augie-read.s3.eu-west-2.amazonaws.com/books/Where_is_Thumbkin_8.jpg,200
"One, Two, Buckle My Shoe (Xx)",1,https://augie-read.s3.eu-west-2.amazonaws.com/books/One_Two_Buckle_My_Shoe_1.jpg,200
"One, Two, Buckle My Shoe (Xx)",2,https://augie-read.s3.eu-west-2.amazonaws.com/books/One_Two_Buckle_My_Shoe_2.jpg,200
"One, Two, Buckle My Shoe (Xx)",3,https://augie-read.s3.eu-west-2.amazonaws.com/books/One_Two_Buckle_My_Shoe_3.jpg,200
"One, Two, Buckle My Shoe (Xx)",4,https://augie-read.s3.eu-west-2.amazonaws.com/books/One_Two_Buckle_My_Shoe_4.jpg,200
"One, Two, Buckle My Shoe (Xx)",5,https://augie-read.s3.eu-west-2.amazonaws.com/books/One_Two_Buckle_My_Shoe_5.jpg,200
"One, Two, Buckle My Shoe (Xx)",6,https://augie-read.s3.eu-west-2.amazonaws.com/books/One_Two_Buckle_My_Shoe_6.jpg,200
"One, Two, Buckle My Shoe (Xx)",7,https://augie-read.s3.eu-west-2.amazonaws.com/books/One_Two_Buckle_My_Shoe_7.jpg,200
"One, Two, Buckle My Shoe (Xx)",8,https://augie-read.s3.eu-west-2.amazonaws.com/books/One_Two_Buckle_My_Shoe_8.jpg,200
"One, Two, Buckle My Shoe (Xx)",9,https://augie-read.s3.eu-west-2.amazonaws.com/books/One_Two_Buckle_My_Shoe_9.jpg,200
"One, Two, Buckle My Shoe (Xx)",10,https://augie-read.s3.eu-west-2.amazonaws.com/books/One_Two_Buckle_My_Shoe_10.jpg,200
"Twinkle, Twinkle, Little Star",1,https://augie-read.s3.eu-west-2.amazonaws.com/books/Twinkle_Twinkle_Little_Star_1.jpg,200
"Twinkle, Twinkle, Little Star",2,https://augie-read.s3.eu-west-2.amazonaws.com/books/Twinkle_Twinkle_Little_Star_2.jpg,200
"Twinkle, Twinkle, Little Star",3,https://augie-read.s3.eu-west-2.amazonaws.com/books/Twinkle_Twinkle_Little_Star_3.jpg,200
"Twinkle, Twinkle, Little Star",4,https://augie-read.s3.eu-west-2.amazonaws.com/books/Twinkle_Twinkle_Little_Star_4.jpg,200
"Twinkle, Twinkle, Little Star",5,https://augie-read.s3.eu-west-2.amazonaws.com/books/Twinkle_Twinkle_Little_Star_5.jpg,200
"Twinkle, Twinkle, Little Star",6,https://augie-read.s3.eu-west-2.amazonaws.com/books/Twinkle_Twinkle_Little_Star_6.jpg,200
The Gingerbread Man,1,https://augie-read.s3.eu-west-2.amazonaws.com/books/The_Gingerbread_Man_1.jpg,200
The Gingerbread Man,2,https://augie-read.s3.eu-west-2.amazonaws.com/books/The_Gingerbread_Man_2.jpg,200
The Gingerbread Man,3,https://augie-read.s3.eu-west-2.amazonaws.com/books/The_Gingerbread_Man_3.jpg,200
The Gingerbread Man,4,https://augie-read.s3.eu-west-2.amazonaws.com/books/The_Gingerbread_Man_4.jpg,200
The Gingerbread Man,5,https://augie-read.s3.eu-west-2.amazonaws.com/books/The_Gingerbread_Man_5.jpg,200
The Gingerbread Man,6,https://augie-read.s3.eu-west-2.amazonaws.com/books/The_Gingerbread_Man_6.jpg,200
The Gingerbread Man,7,https://augie-read.s3.eu-west-2.amazonaws.com/books/The_Gingerbread_Man_7.jpg,200
The Gingerbread Man,8,https://augie-read.s3.eu-west-2.amazonaws.com/books/The_Gingerbread_Man_8.jpg,200
The Gingerbread Man,9,https://augie-read.s3.eu-west-2.amazonaws.com/books/The_Gingerbread_Man_9.jpg,200
The Gingerbread Man,10,https://augie-read.s3.eu-west-2.amazonaws.com/books/The_Gingerbread_Man_10.jpg,200
The Gingerbread Man,11,https://augie-read.s3.eu-west-2.amazonaws.com/books/The_Gingerbread_Man_11.jpg,200
The Gingerbread Man,12,https://augie-read.s3.eu-west-2.amazonaws.com/books/The_Gingerbread_Man_12.jpg,200
The Gingerbread Man,13,https://augie-read.s3.eu-west-2.amazonaws.com/books/The_Gingerbread_Man_13.jpg,200
The Gingerbread Man,14,https://augie-read.s3.eu-west-2.amazonaws.com/books/The_Gingerbread_Man_14.jpg,200
The Gingerbread Man,15,https://augie-read.s3.eu-west-2.amazonaws.com/books/The_Gingerbread_Man_15.jpg,200
The Gingerbread Man,16,https://augie-read.s3.eu-west-2.amazonaws.com/books/The_Gingerbread_Man_16.jpg,200
The Gingerbread Man,17,https://augie-read.s3.eu-west-2.amazonaws.com/books/The_Gingerbread_Man_17.jpg,200
The Gingerbread Man,18,https://augie-read.s3.eu-west-2.amazonaws.com/books/The_Gingerbread_Man_18.jpg,200
The Gingerbread Man,19,https://augie-read.s3.eu-west-2.amazonaws.com/books/The_Gingerbread_Man_19.jpg,200
The Gingerbread Man,20,https://augie-read.s3.eu-west-2.amazonaws.com/books/The_Gingerbread_Man_20.jpg,200
The Gingerbread Man,21,https://augie-read.s3.eu-west-2.amazonaws.com/books/The_Gingerbread_Man_21.jpg,200
"The Ugly Duckling
Based on a story by Hans Christian Andersen",1,https://augie-read.s3.eu-west-2.amazonaws.com/books/The_Ugly_Duckling_2.jpg,200
"The Ugly Duckling
Based on a story by Hans Christian Andersen",2,https://augie-read.s3.eu-west-2.amazonaws.com/books/The_Ugly_Duckling_3.jpg,200
"The Ugly Duckling
Based on a story by Hans Christian Andersen",3,https://augie-read.s3.eu-west-2.amazonaws.com/books/The_Ugly_Duckling_4.jpg,200
"The Ugly Duckling
Based on a story by Hans Christian Andersen",4,https://augie-read.s3.eu-west-2.amazonaws.com/books/The_Ugly_Duckling_5.jpg,200
"The Ugly Duckling
Based on a story by Hans Christian Andersen",5,https://augie-read.s3.eu-west-2.amazonaws.com/books/The_Ugly_Duckling_6.jpg,200
"The Ugly Duckling
Based on a story by Hans Christian Andersen",6,https://augie-read.s3.eu-west-2.amazonaws.com/books/The_Ugly_Duckling_7.jpg,200
"The Ugly Duckling
Based on a story by Hans Christian Andersen",7,https://augie-read.s3.eu-west-2.amazonaws.com/books/The_Ugly_Duckling_8.jpg,200
"The Ugly Duckling
Based on a story by Hans Christian Andersen",8,https://augie-read.s3.eu-west-2.amazonaws.com/books/The_Ugly_Duckling_9.jpg,200
"The Ugly Duckling
Based on a story by Hans Christian Andersen",9,https://augie-read.s3.eu-west-2.amazonaws.com/books/The_Ugly_Duckling_10.jpg,200
"The Ugly Duckling
Based on a story by Hans Christian Andersen",10,https://augie-read.s3.eu-west-2.amazonaws.com/books/The_Ugly_Duckling_11.jpg,200
"The Ugly Duckling
Based on a story by Hans Christian Andersen",11,https://augie-read.s3.eu-west-2.amazonaws.com/books/The_Ugly_Duckling_12.jpg,200
"The Ugly Duckling
Based on a story by Hans Christian Andersen",12,https://augie-read.s3.eu-west-2.amazonaws.com/books/The_Ugly_Duckling_13.jpg,200
"The Ugly Duckling
Based on a story by Hans Christian Andersen",13,https://augie-read.s3.eu-west-2.amazonaws.com/books/The_Ugly_Duckling_14.jpg,200
"The Ugly Duckling
Based on a story by Hans Christian Andersen",14,https://augie-read.s3.eu-west-2.amazonaws.com/books/The_Ugly_Duckling_15.jpg,200
"The Ugly Duckling
Based on a story by Hans Christian Andersen",15,https://augie-read.s3.eu-west-2.amazonaws.com/books/The_Ugly_Duckling_16.jpg,200
"The Ugly Duckling
Based on a story by Hans Christian Andersen",16,https://augie-read.s3.eu-west-2.amazonaws.com/books/The_Ugly_Duckling_17.jpg,200
"The Ugly Duckling
Based on a story by Hans Christian Andersen",17,https://augie-read.s3.eu-west-2.amazonaws.com/books/The_Ugly_Duckling_18.jpg,200
"The Ugly Duckling
Based on a story by Hans Christian Andersen",18,https://augie-read.s3.eu-west-2.amazonaws.com/books/The_Ugly_Duckling_19.jpg,200
"The Ugly Duckling
Based on a story by Hans Christian Andersen",19,https://augie-read.s3.eu-west-2.amazonaws.com/books/The_Ugly_Duckling_20.jpg,200
"The Ugly Duckling
Based on a story by Hans Christian Andersen",20,https://augie-read.s3.eu-west-2.amazonaws.com/books/The_Ugly_Duckling_21.jpg,200
"The Ugly Duckling
Based on a story by Hans Christian Andersen",21,https://augie-read.s3.eu-west-2.amazonaws.com/books/The_Ugly_Duckling_22.jpg,200
"The Ugly Duckling
Based on a story by Hans Christian Andersen",22,https://augie-read.s3.eu-west-2.amazonaws.com/books/The_Ugly_Duckling_23.jpg,200
P-AM And Sam Take a Ride,1,https://augie-read.s3.eu-west-2.amazonaws.com/books/am_page1.jfif,200
P-AM And Sam Take a Ride,2,https://augie-read.s3.eu-west-2.amazonaws.com/books/am_page5.png,200
P-AM And Sam Take a Ride,3,https://augie-read.s3.eu-west-2.amazonaws.com/books/am_page6.jpg,200
P-AM And Sam Take a Ride,4,https://augie-read.s3.eu-west-2.amazonaws.com/books/am_page7.jpg,200
What is F-AME?,1,https://augie-read.s3.eu-west-2.amazonaws.com/books/ame_page1.png,200
What is F-AME?,2,https://augie-read.s3.eu-west-2.amazonaws.com/books/ame_page1.png,200
What is F-AME?,3,https://augie-read.s3.eu-west-2.amazonaws.com/books/ame_page1.png,200
What is F-AME?,4,https://augie-read.s3.eu-west-2.amazonaws.com/books/ame_page1.png,200
S-AME Game,1,https://augie-read.s3.eu-west-2.amazonaws.com/books/ame_page1.png,200
S-AME Game,2,https://augie-read.s3.eu-west-2.amazonaws.com/books/ame_page2.jpg,200
S-AME Game,3,https://augie-read.s3.eu-west-2.amazonaws.com/books/ame_page2.jpg,200
S-AME Game,4,https://augie-read.s3.eu-west-2.amazonaws.com/books/ame_page3.png,200
V-AN Ran,1,https://augie-read.s3.eu-west-2.amazonaws.com/books/an_page1.jpg,200
V-AN Ran,2,https://augie-read.s3.eu-west-2.amazonaws.com/books/an_page2.png,200
V-AN Ran,3,https://augie-read.s3.eu-west-2.amazonaws.com/books/an_page3.png,200
V-AN Ran,4,https://augie-read.s3.eu-west-2.amazonaws.com/books/an_page1.jpg,200
